PDIID,CHAIN,WILD,RESID,SEQ_Post,MUTANT,WILD,MUTANT,Temp,pH,,,,DDG
2OCJ,A,Q,104,11,H,Q,H,,,,,,0.24
2OCJ,A,Q,104,11,P,Q,P,,,,,,0.11
2OCJ,A,T,123,30,A,T,A,,,,,,-0.13
2OCJ,A,A,129,36,D,A,D,,,,,,-0.7
2OCJ,A,A,129,36,E,A,E,,,,,,-0.38
2OCJ,A,A,129,36,S,A,S,,,,,,-0.19
2OCJ,A,M,133,40,L,M,L,,,,,,0.3
2OCJ,A,F,134,41,L,F,L,,,,,,-4.78
2OCJ,A,V,143,50,A,V,A,,,,,,-3.5
2OCJ,A,L,145,52,Q,L,Q,,,,,,-2.98
2OCJ,A,D,148,55,E,D,E,,,,,,-0.43
2OCJ,A,D,148,55,S,D,S,,,,,,0.22
2OCJ,A,T,150,57,P,T,P,,,,,,-0.08
2OCJ,A,P,151,58,S,P,S,,,,,,-4.49
2OCJ,A,V,157,64,F,V,F,,,,,,-3.88
2OCJ,A,Q,165,72,K,Q,K,,,,,,-1.27
2OCJ,A,Q,167,74,E,Q,E,,,,,,-0.43
2OCJ,A,H,168,75,R,H,R,,,,,,-2.75
2OCJ,A,R,174,81,K,R,K,,,,,,-0.22
2OCJ,A,R,175,82,A,R,A,,,,,,-0.73
2OCJ,A,R,175,82,H,R,H,,,,,,-3.52
2OCJ,A,C,182,89,S,C,S,,,,,,0.16
2OCJ,A,I,195,102,T,I,T,,,,,,-4.12
2OCJ,A,L,201,108,P,L,P,,,,,,0.35
2OCJ,A,V,203,110,A,V,A,,,,,,0.49
2OCJ,A,L,206,113,S,L,S,,,,,,-0.1
2OCJ,A,Y,220,127,C,Y,C,,,,,,-3.98
2OCJ,A,D,228,135,E,D,E,,,,,,0.05
2OCJ,A,I,232,139,T,I,T,,,,,,-3.19
2OCJ,A,Y,236,143,F,Y,F,,,,,,0.27
2OCJ,A,M,237,144,I,M,I,,,,,,-3.18
2OCJ,A,N,239,146,Y,N,Y,,,,,,1.49
2OCJ,A,C,242,149,S,C,S,,,,,,-3.07
2OCJ,A,G,245,152,S,G,S,,,,,,-1.21
2OCJ,A,R,248,155,Q,R,Q,,,,,,-1.87
2OCJ,A,R,249,156,S,R,S,,,,,,-1.92
2OCJ,A,I,255,162,F,I,F,,,,,,-3.29
2OCJ,A,S,260,167,P,S,P,,,,,,-0.32
2OCJ,A,N,268,175,D,N,D,,,,,,1.21
2OCJ,A,F,270,177,C,F,C,,,,,,-4.54
2OCJ,A,R,273,180,H,R,H,,,,,,-0.45
2OCJ,A,R,282,189,W,R,W,,,,,,-3.3